Model,MAE,MSE,RMSE,R2 Square
Random Forest Regressor,2542.5751455956633,23608292.615974605,4858.836549625291,0.8480847995582756
